{
  "timestamp": 1751946515.6932456,
  "datetime": "2025-07-08 03:48:35",
  "expiry": 900,
  "data": [
    "$3.41T",
    "-4.51%",
    "$88.80B",
    "-4.51%",
    "65",
    3407617361653.9556,
    -4.5068200131333125,
    88800975388.07489,
    -4.506820013133311,
    65
  ]
}