{
  "timestamp": 1751946516.6253877,
  "datetime": "2025-07-08 03:48:36",
  "expiry": 600,
  "data": [
    "*\ud83d\udc8e Crypto Big Cap:*\nBTC: $107,906.00 (-1.42%) \u25bc\nETH: $2,536.04 (-1.70%) \u25bc\nXRP: $2.26 (-0.54%) \u25bc\nBNB: $659.53 (-0.28%) \u25bc\nSOL: $148.82 (-2.29%) \u25bc\nTRX: $0.287175 (-0.41%) \u25bc\nDOGE: $0.167869 (-4.38%) \u25bc\nADA: $0.576469 (-2.50%) \u25bc\n\n",
    "BTC: $107,906.00 (-1.42%) \u25bc, ETH: $2,536.04 (-1.70%) \u25bc, XRP: $2.26 (-0.54%) \u25bc, BNB: $659.53 (-0.28%) \u25bc, SOL: $148.82 (-2.29%) \u25bc, TRX: $0.287175 (-0.41%) \u25bc, DOGE: $0.167869 (-4.38%) \u25bc, ADA: $0.576469 (-2.50%) \u25bc"
  ]
}