{
  "timestamp": 1751946519.8781917,
  "datetime": "2025-07-08 03:48:39",
  "expiry": 1200,
  "data": [
    "*\ud83d\udd3a Crypto Top Gainers:*\n1. M: $0.167820 (+82.66%) \u25b2\n2. SOLO: $0.379370 (+28.68%) \u25b2\n3. INC: $0.018247 (+24.14%) \u25b2\n4. REKT: $0.000000 (+8.63%) \u25b2\n5. ZANO: $9.70 (+6.22%) \u25b2\n\n*\ud83d\udd3b Crypto Top Losers:*\n1. USELESS: $0.224686 (-20.00%) \u25bc\n2. AURA: $0.125055 (-13.98%) \u25bc\n3. SN: $2.26 (-13.86%) \u25bc\n4. H: $0.064902 (-12.28%) \u25bc\n5. CHEX: $0.109686 (-11.69%) \u25bc\n\n",
    "M: $0.167820 (+82.66%) \u25b2, SOLO: $0.379370 (+28.68%) \u25b2, INC: $0.018247 (+24.14%) \u25b2, REKT: $0.000000 (+8.63%) \u25b2, ZANO: $9.70 (+6.22%) \u25b2",
    "USELESS: $0.224686 (-20.00%) \u25bc, AURA: $0.125055 (-13.98%) \u25bc, SN: $2.26 (-13.86%) \u25bc, H: $0.064902 (-12.28%) \u25bc, CHEX: $0.109686 (-11.69%) \u25bc"
  ]
}